Existence of chronic diseases_hypertension,Existence of chronic diseaseas_does not exist,Town,Nb of Covid-19 cases,Existence of chronic diseases_cardiovascular diseases,Existence of chronic diseases_Diabetes
1,0,Bireh,72,1,1
0,1,A'ain El-Mir (El Establ),62,0,0
0,1,AAridet Cheikh Zennad,0,0,1
1,0,Aaba,125,1,1
1,0,Aabadiyeh,471,1,1
0,1,Aadaysseh Marjaayoun,80,1,0
1,0,Aabrine,150,0,1
0,1,Aachach,49,1,0
1,0,Aabaydat,210,1,1
0,1,Afka,58,1,0
1,0,Al-Karim,302,1,1
1,0,Al-Maqam,92,0,1
0,1,Ani,540,1,0
1,0,Aramta,98,1,1
0,1,Ard el-Hamra,150,0,1
1,0,Arqoub,330,1,1
1,0,As-Safra,612,1,1
